rank,subscribers,video views,subscribers_for_last_30_days,video_views_for_the_last_30_days,category,Country,lowest_monthly_earnings,highest_monthly_earnings
1,245000000,2.28E+11,2000000,2258000000,Music,India,564600,9000000
5,159000000,1.48E+11,1000000,1824000000,Shows,India,455900,7300000
11,96700000,57856289381,1100000,803613000,Music,India,200900,3200000
16,83000000,1.01E+11,1100000,1657000000,Shows,India,414300,6600000
22,70500000,73139054467,900000,1707000000,Entertainment,India,426800,6800000
25,65900000,45757850229,500000,420292000,Education,India,105100,1700000
26,65600000,28648024439,400000,254961000,Music,India,63700,1000000
27,64600000,61510906457,1100000,1188000000,Shows,India,296900,4800000
28,61000000,29533230328,,10,Music,India,0,0.04
31,59300000,33431802698,600000,422634000,Music,India,105700,1700000
33,58000000,40602020243,500000,232025000,Music,India,58000,928100
34,57600000,25307753534,500000,461148000,News & Politics,India,115300,1800000
35,57200000,28837144516,300000,259310000,Music,India,64800,1000000
38,54600000,35302243691,500000,512093000,Film & Animation,India,128000,2000000
41,53300000,30516172739,1600000,815949000,Education,India,204000,3300000
48,47400000,22519705183,500000,232744000,Entertainment,India,58200,931000
54,45500000,21388725229,400000,233988000,Entertainment,India,58500,936000
67,42500000,26820902622,100000,159757000,Music,India,39900,639000
71,41400000,17608931161,400000,180942000,Trailers,India,45200,723800
79,39200000,3294013141,700000,78688000,Comedy,India,19700,314800
87,38300000,16718192386,400000,814756000,Music,India,203700,3300000
90,38200000,28519339489,500000,415914000,Shows,India,104000,1700000
95,37200000,16402066717,100000,49861000,Comedy,India,12500,199400
96,37000000,13102611515,400000,267060000,People & Blogs,India,66800,1100000
100,36600000,15653786446,200000,131462000,Trailers,India,0,0
107,35500000,15657673422,900000,533793000,Entertainment,India,133400,2100000
108,35500000,16105023749,600000,290847000,News & Politics,India,72700,1200000
109,35400000,22637783517,500000,331474000,Music,India,82900,1300000
116,34300000,12746535822,100000,101357000,Music,India,25300,405400
119,34000000,11351015824,600000,179903000,Film & Animation,India,45000,719600
125,33500000,14864294792,500000,272255000,Music,India,68100,1100000
127,33500000,11405809704,100000,24736000,Comedy,India,6200,98900
129,33400000,20269857567,200000,136084000,Education,India,34000,544300
132,32700000,17853798780,40000,20263000,Entertainment,India,5100,81100
140,32000000,26800674545,1200000,1667000000,Entertainment,India,416800,6700000
144,31700000,5711208484,500000,109125000,Science & Technology,India,27300,436500
145,31700000,16476978876,200000,112648000,Music,India,28200,450600
157,30700000,3145161634,300000,31822000,Comedy,India,8000,127300
158,30500000,16709857823,600000,461472000,News & Politics,India,115400,1800000
172,29800000,4457913639,100000,26171000,Comedy,India,6500,104700
180,28900000,17930570614,200000,109828000,Education,India,27500,439300
183,28400000,10062770060,500000,227355000,Movies,India,56800,909400
185,28300000,14814192034,800000,288110000,Education,India,72000,1200000
187,28200000,7600740993,500000,184966000,Entertainment,India,46200,739900
200,27300000,7705492350,100000,102235000,Entertainment,India,25600,408900
202,27100000,17318452893,700000,429692000,Entertainment,India,107400,1700000
211,26400000,8595760553,400000,99677000,Film & Animation,India,24900,398700
214,26300000,4749833967,,17264000,Entertainment,India,4300,69100
238,25200000,10409352249,300000,273920000,News & Politics,India,68500,1100000
254,24300000,6608773195,300000,94853000,Film & Animation,India,23700,379400
284,23400000,9465863821,900000,367347000,Film & Animation,India,91800,1500000
290,23100000,12889240875,100000,52678000,Music,India,13200,210700
293,23100000,9299371231,700000,304021000,Music,India,76000,1200000
296,23000000,3378047383,,22262000,Science & Technology,India,5600,89000
298,23000000,10939966484,100000,93183000,Entertainment,India,23300,372700
299,22900000,5320485069,300000,118846000,Movies,India,0,0
306,22600000,20847038152,600000,982238000,People & Blogs,India,245600,3900000
307,22600000,9223534599,1400000,399152000,Comedy,India,99800,1600000
312,22500000,2431154438,200000,48740000,Film & Animation,India,12200,195000
335,21600000,5863377051,400000,194604000,Howto & Style,India,48700,778400
342,21400000,6264261757,500000,160690000,Music,India,40200,642800
345,21300000,12761253839,1600000,729409000,People & Blogs,India,182400,2900000
347,21300000,10047736580,600000,236293000,Entertainment,India,59100,945200
348,21300000,12895427184,700000,561020000,Entertainment,India,140300,2200000
357,20900000,1693149479,100000,28588000,Education,India,7100,114400
379,20400000,29406206620,400000,907534000,Entertainment,India,226900,3600000
381,20400000,3579555124,100000,41289000,Music,India,10300,165200
388,20200000,7274150246,300000,113420000,Education,India,28400,453700
405,20000000,9715291883,100000,70278000,Film & Animation,India,0,0
420,19500000,5234251168,300000,59841000,Entertainment,India,0,0
421,19400000,2255542592,100000,32111000,News & Politics,India,8000,128400
423,19400000,23038014291,200000,272917000,Entertainment,India,68200,1100000
425,19300000,264228052,300000,37167000,,India,9300,148700
429,19200000,7590582024,100000,28678000,Entertainment,India,7200,114700
436,19000000,8281724393,200000,105706000,Film & Animation,India,26400,422800
449,18800000,3276891538,700000,109026000,Comedy,India,27300,436100
452,18600000,6047584292,200000,102431000,Entertainment,India,25600,409700
494,17800000,11057945183,900000,431390000,People & Blogs,India,107800,1700000
499,17700000,7912733203,900000,346753000,People & Blogs,India,86700,1400000
512,17500000,2238134438,,21056000,Entertainment,India,5300,84200
513,17500000,7263619576,700000,394106000,News & Politics,India,98500,1600000
514,17500000,7612385622,300000,109847000,Entertainment,India,27500,439400
521,17300000,902225615,,837850,Film & Animation,India,209,3400
522,17300000,11371738047,300000,331944000,Entertainment,India,83000,1300000
534,17000000,1001465469,100000,7626000,Comedy,India,1900,30500
537,16900000,8684010451,200000,72911000,Music,India,18200,291600
541,16900000,9270331567,,89782000,Comedy,India,22400,359100
557,16600000,7435180827,100000,59201000,News & Politics,India,14800,236800
558,16600000,9439857193,200000,154049000,Entertainment,India,38500,616200
559,16600000,11946217860,100000,89012000,Music,India,22300,356000
564,16500000,7043235131,300000,131202000,News & Politics,India,32800,524800
579,16300000,7141825267,300000,151477000,Entertainment,India,37900,605900
603,16000000,3018032423,,14287000,Education,India,3600,57100
614,15800000,1349288771,200000,24056000,Education,India,6000,96200
615,15800000,3392918989,700000,185969000,News & Politics,India,46500,743900
618,15700000,9787697838,,51315000,Film & Animation,India,12800,205300
619,15700000,5914071870,300000,141842000,Music,India,35500,567400
621,15700000,6626563508,,30744000,Music,India,7700,123000
622,15700000,5558051295,100000,86450000,Music,India,21600,345800
632,15500000,7776706184,300000,167888000,Education,India,42000,671600
636,15500000,12714141740,200000,139123000,Entertainment,India,34800,556500
639,15400000,1781226000,100000,27963000,Comedy,India,7000,111900
649,15300000,1640078055,,5920000,Gaming,India,1500,23700
651,15300000,16545966132,300000,361483000,Entertainment,India,90400,1400000
652,15200000,857725714,1300000,65380000,People & Blogs,India,16300,261500
653,15200000,4503880875,200000,98329000,Comedy,India,24600,393300
655,15200000,6391679636,200000,57809000,Music,India,14500,231200
656,15200000,7151683497,300000,210909000,Entertainment,India,52700,843600
657,15200000,7564652648,200000,105978000,Entertainment,India,26500,423900
660,15200000,6624168155,100000,49662000,News & Politics,India,12400,198600
678,15000000,9924103188,400000,113572000,People & Blogs,India,28400,454300
685,15000000,7536093065,,998,News & Politics,India,0.25,4
686,15000000,8658553456,200000,102357000,Entertainment,India,25600,409400
687,15000000,9978734160,300000,242185000,Music,India,60500,968700
693,15000000,8932038210,200000,130731000,Entertainment,India,32700,522900
719,14700000,4029253667,200000,74483000,Education,India,18600,297900
723,14700000,12362331529,400000,347603000,Entertainment,India,86900,1400000
735,14600000,5525773746,500000,139116000,Comedy,India,34800,556500
739,14500000,1739129375,100000,23034000,,India,5800,92100
745,14500000,6290721701,200000,48447000,Music,India,12100,193800
748,14500000,10303519926,700000,418474000,People & Blogs,India,104600,1700000
754,14400000,2224121890,100000,13891000,Gaming,India,3500,55600
761,14400000,4156427797,200000,70409000,People & Blogs,India,17600,281600
765,14400000,8011977288,200000,212639000,Entertainment,India,53200,850600
768,14400000,18515587421,100000,149799000,Entertainment,India,37400,599200
777,14200000,6554000320,300000,141688000,Education,India,35400,566800
780,14200000,10238593147,400000,367898000,Comedy,India,92000,1500000
781,14200000,11428794827,200000,59927000,Entertainment,India,15000,239700
783,14100000,2131548711,100000,25605000,Music,India,6400,102400
800,14000000,13542939513,100000,133584000,People & Blogs,India,33400,534300
801,14000000,12597067132,,7,Entertainment,India,0,0.03
807,13900000,5217553897,100000,33484000,Entertainment,India,8400,133900
820,13800000,6646953396,100000,78651000,Shows,India,19700,314600
821,13800000,11039343563,200000,217106000,Music,India,54300,868400
823,13700000,1973638757,100000,37648000,Entertainment,India,9400,150600
825,13700000,9596430464,600000,379240000,Comedy,India,94800,1500000
826,13700000,2939201386,100000,22235000,Howto & Style,India,5600,88900
827,13700000,4963275018,,27882000,People & Blogs,India,7000,111500
830,13700000,5178142148,100000,23893000,Education,India,6000,95600
836,13600000,5141201173,100000,10764000,Education,India,2700,43100
841,13500000,3445794123,,29706000,Howto & Style,India,7400,118800
845,13500000,3912334359,400000,179232000,Entertainment,India,44800,716900
847,13500000,7958771872,300000,109813000,Entertainment,India,27500,439300
852,13400000,2139769210,,1043000,People & Blogs,India,261,4200
853,13400000,20563378,300000,20264000,,India,5100,81100
854,13400000,2650061211,,,Entertainment,India,0,0
861,13300000,2262690743,100000,43669000,Science & Technology,India,10900,174700
872,13300000,2831275503,,43118000,Howto & Style,India,10800,172500
879,13200000,3789736218,,25321000,Entertainment,India,6300,101300
885,13200000,1138262456,100000,18518000,Science & Technology,India,4600,74100
886,13200000,1758603195,,11490000,People & Blogs,India,2900,46000
891,13100000,4712624489,100000,34438000,Music,India,8600,137800
905,13000000,5057163256,,2,Entertainment,India,0,0.01
929,12800000,7876740921,300000,213738000,Education,India,53400,855000
931,12700000,1159290255,500000,51291000,,India,12800,205200
953,12500000,1002219689,,1395000,Howto & Style,India,349,5600
961,12500000,4935793409,100000,58527000,Entertainment,India,14600,234100
963,12500000,10384848759,400000,235715000,Entertainment,India,58900,942900
964,12500000,11552190002,200000,349940000,Entertainment,India,87500,1400000
965,12500000,11691081301,100000,180021000,Entertainment,India,45000,720100
967,12500000,5146004207,,11079000,Music,India,2800,44300
969,12500000,4465772496,,13142000,Comedy,India,3300,52600
972,12400000,1971226335,600000,273670000,,India,68400,1100000
981,12400000,7683670251,100000,95163000,Film & Animation,India,23800,380700
982,12400000,7741764747,,38165000,People & Blogs,India,9500,152700
985,12400000,2315226648,100000,30968000,Howto & Style,India,7700,123900
992,12300000,1674409945,300000,64735000,People & Blogs,India,16200,258900
995,12300000,2129773714,100000,24000000,Comedy,India,6000,96000
3,166000000,28368841870,8000000,1348000000,Entertainment,United States,337000,5400000
4,162000000,1.64E+11,1000000,1975000000,Education,United States,493800,7900000
7,112000000,93247040539,,731674000,People & Blogs,United States,182900,2900000
10,98900000,77180169894,600000,580574000,Entertainment,United States,145100,2300000
12,96000000,77428473662,600000,714614000,Sports,United States,178700,2900000
23,68200000,38843229963,600000,473387000,Education,United States,118300,1900000
29,59500000,16241549158,100000,141200000,Sports,United States,35300,564800
30,59500000,59316472754,100000,114668000,Film & Animation,United States,28700,458700
36,56900000,27073872856,300000,260193000,Music,United States,65000,1000000
37,56400000,14696003229,100000,112100000,Entertainment,United States,28000,448400
42,52900000,29884657286,800000,528392000,Music,United States,132100,2100000
43,52700000,24004842608,100000,160216000,Music,United States,40100,640900
44,52200000,9877365274,600000,266747000,Education,United States,66700,1100000
46,47900000,13626331061,200000,146862000,Music,United States,36700,587400
50,46600000,27286058807,400000,314505000,Music,United States,78600,1300000
59,44200000,25458952022,100000,134242000,Music,United States,33600,537000
68,42400000,24519022988,1000000,670459000,Shows,United States,167600,2700000
69,42400000,19547696190,,53202000,Entertainment,United States,13300,212800
73,40900000,39450824833,100000,98775000,Education,United States,24700,395100
80,39200000,10507474316,100000,58362000,Music,United States,14600,233400
85,38600000,7339333120,100000,45638000,Nonprofits & Activism,United States,11400,182600
88,38200000,13598903820,100,6348,Music,United States,2,25
89,38200000,22756581750,,21804000,Entertainment,United States,5500,87200
91,38000000,22731415608,100000,205594000,Music,United States,51400,822400
92,37900000,23510152352,200000,244093000,,United States,61000,976400
93,37600000,18208196857,700000,321026000,Entertainment,United States,80300,1300000
98,36700000,19378155425,200000,175243000,Music,United States,43800,701000
99,36600000,22553923546,,152825000,Music,United States,38200,611300
102,36300000,3010784935,300000,21103000,News & Politics,United States,5300,84400
111,35200000,20297931219,100000,127329000,Gaming,United States,31800,509300
112,35200000,55299840198,200000,238613000,Entertainment,United States,59700,954500
113,34900000,25607397308,300000,335307000,Education,United States,83800,1300000
122,33700000,23492684419,200000,210955000,Gaming,United States,52700,843800
124,33600000,13013567335,200000,115792000,Film & Animation,United States,28900,463200
131,32800000,26355088167,200000,127498000,Education,United States,31900,510000
134,32700000,28516250629,300000,329861000,Music,United States,82500,1300000
146,31700000,21031745531,200000,153280000,Entertainment,United States,38300,613100
147,31700000,2930015381,200000,27022000,Gaming,United States,6800,108100
148,31600000,11615848291,400000,312099000,Entertainment,United States,78000,1200000
149,31600000,26583873105,,105126000,Music,United States,26300,420500
153,31200000,17111726160,100000,22511000,Comedy,United States,0,0
155,30700000,16793072362,100000,188837000,Music,United States,47200,755300
156,30700000,12355992466,200000,102998000,,United States,25700,412000
161,30400000,14037426379,,45822000,Music,United States,11500,183300
162,30400000,17999961915,300000,122926000,,United States,30700,491700
163,30300000,13546549817,,22724000,Entertainment,United States,5700,90900
165,30200000,15199330166,,,Comedy,United States,0,0
169,30100000,22593193994,,107525000,Education,United States,26900,430100
173,29600000,17208027242,,81884000,Music,United States,20500,327500
176,29200000,14727238483,1000000,180519000,Entertainment,United States,0,0
182,28400000,9956764048,,26435000,Entertainment,United States,6600,105700
188,28200000,14412474625,200000,158591000,Music,United States,39600,634400
194,27500000,4552581106,,649,People & Blogs,United States,0,0
195,27500000,13379395501,100000,90450000,Music,United States,22600,361800
197,27400000,10336420490,400000,175844000,People & Blogs,United States,44000,703400
199,27300000,22440611155,200000,42546000,Film & Animation,United States,10600,170200
204,27000000,6570935979,300000,144453000,Comedy,United States,36100,577800
206,26700000,4388047013,1200000,276187000,People & Blogs,United States,69000,1100000
208,26700000,7173668905,200000,118226000,Entertainment,United States,29600,472900
210,26500000,20358117330,,89098000,Music,United States,22300,356400
212,26400000,27006526665,1300000,1046000000,Comedy,United States,261500,4200000
215,26200000,31977463002,200000,487076000,,United States,121800,1900000
217,26100000,10435474336,400000,68156000,Comedy,United States,17000,272600
220,26000000,17308961985,,55454000,Music,United States,13900,221800
224,25700000,17793809548,100000,164215000,Music,United States,41100,656900
226,25700000,10242981063,100000,103631000,Music,United States,25900,414500
228,25600000,25592378292,100000,318593000,Music,United States,79600,1300000
230,25500000,14401218086,100000,195499000,Music,United States,48900,782000
232,25400000,34300482066,600000,815341000,Comedy,United States,203800,3300000
235,25200000,11081602368,300000,140319000,People & Blogs,United States,35100,561300
239,25100000,19458807708,,94246000,Music,United States,23600,377000
245,24800000,3699352704,400000,134412000,Entertainment,United States,33600,537600
247,24700000,20531704527,100000,139443000,Music,United States,34900,557800
249,24600000,23755792542,100000,88940000,Music,United States,22200,355800
250,24600000,3647987299,200000,88625000,Science & Technology,United States,22200,354500
252,24400000,12385924995,400000,169865000,Entertainment,United States,42500,679500
257,24100000,329774870,100000,328503000,,United States,82100,1300000
261,24100000,8425505919,,63293000,Music,United States,15800,253200
262,24100000,11041261296,200000,66884000,,United States,16700,267500
266,24000000,8279004442,200000,151697000,Gaming,United States,37900,606800
267,23900000,4067878931,100000,58126000,Entertainment,United States,14500,232500
268,23900000,6582932625,,10853000,Entertainment,United States,2700,43400
269,23900000,7213499085,300000,177769000,People & Blogs,United States,44400,711100
271,23800000,10414479943,100000,98052000,Howto & Style,United States,24500,392200
272,23800000,17688774915,100000,122914000,Music,United States,30700,491700
273,23700000,2543809954,,8368000,Gaming,United States,2100,33500
276,23700000,20289689389,1100000,755054000,Pets & Animals,United States,188800,3000000
279,23600000,5994002464,,10803000,Entertainment,United States,2700,43200
280,23600000,6766461070,400000,44542000,Entertainment,United States,11100,178200
286,23300000,22471357411,100000,124187000,Entertainment,United States,31000,496700
287,23200000,2634,100000,6589000000,Science & Technology,United States,0,0
288,23200000,15751661213,100000,143169000,People & Blogs,United States,35800,572700
292,23100000,2551113422,100000,13246000,People & Blogs,United States,3300,53000
294,23100000,13151870846,700000,128448000,Shows,United States,32100,513800
300,22900000,5380073627,1,,Film & Animation,United States,0,0
304,22700000,10115316784,300000,155215000,People & Blogs,United States,38800,620900
308,22600000,14231943358,100000,81660000,Music,United States,20400,326600
310,22600000,13405849040,,95253000,Music,United States,23800,381000
311,22600000,27084848152,1300000,1174000000,People & Blogs,United States,293500,4700000
313,22500000,10613701948,100000,65066000,,United States,16300,260300
314,22500000,13835173331,200000,175094000,Gaming,United States,43800,700400
317,22300000,24059336857,100000,132110000,Gaming,United States,33000,528400
318,22200000,11136266461,200000,139333000,Entertainment,United States,34800,557300
319,22000000,9924807127,100000,111500000,Music,United States,27900,446000
320,22000000,8594440895,200000,183871000,,United States,46000,735500
322,21900000,4454917643,500000,184946000,Film & Animation,United States,46200,739800
323,21900000,5918314128,400000,234222000,People & Blogs,United States,58600,936900
324,21900000,15552070846,1900000,687028000,Comedy,United States,171800,2700000
326,21800000,4469711607,600000,197953000,People & Blogs,United States,49500,791800
327,21800000,5614621131,100000,45812000,Science & Technology,United States,11500,183200
336,21600000,9346383505,,63919000,Entertainment,United States,16000,255700
337,21500000,5890180734,200000,113542000,People & Blogs,United States,28400,454200
343,21300000,6269945014,200000,160227000,People & Blogs,United States,40100,640900
344,21300000,10644857969,100000,103171000,Music,United States,25800,412700
346,21300000,5141834668,200000,68350000,Entertainment,United States,17100,273400
351,21100000,5783557209,,24691000,Howto & Style,United States,6200,98800
353,21000000,4380564906,,2476000,Entertainment,United States,619,9900
355,21000000,10631638628,100000,80062000,Entertainment,United States,20000,320200
356,21000000,9789121606,300000,133362000,,United States,33300,533400
359,20900000,4927879069,100000,2989000,Pets & Animals,United States,0,0
360,20900000,11058049885,600000,383700000,People & Blogs,United States,95900,1500000
362,20900000,17324976752,,99,Music,United States,0.02,0.4
365,20700000,17963202261,1000000,874796000,Entertainment,United States,218700,3500000
366,20700000,5091618606,,20012000,Howto & Style,United States,5000,80000
369,20700000,12624879732,,73025000,Sports,United States,18300,292100
375,20500000,11009148579,100000,195203000,Entertainment,United States,48800,780800
377,20400000,7311322368,100000,14646000,People & Blogs,United States,3700,58600
390,20200000,19694265358,600000,452250000,Comedy,United States,113100,1800000
392,20100000,23353115850,200000,221702000,Entertainment,United States,55400,886800
393,20100000,6618524158,,25263000,Music,United States,6300,101100
396,20100000,11317309935,100000,14862000,Film & Animation,United States,3700,59400
397,20100000,14816075927,300000,276751000,Music,United States,69200,1100000
398,20100000,6119294270,100000,105784000,Howto & Style,United States,26400,423100
399,20100000,5634695322,30,63,Entertainment,United States,0.02,0.25
400,20100000,17913237851,,9112000,People & Blogs,United States,2300,36400
401,20000000,13154314376,,23206000,Entertainment,United States,5800,92800
402,20000000,559765455,,1331000,Music,United States,333,5300
408,19800000,5759442450,100000,6137000,People & Blogs,United States,1500,24500
409,19800000,12293479945,,16229,News & Politics,United States,4,65
410,19700000,1803249241,,3769000,Comedy,United States,942,15100
412,19700000,10955619815,,,Film & Animation,United States,0,0
415,19600000,2851024430,,23,Gaming,United States,0.01,0.09
416,19600000,13930021471,300000,274212000,Shows,United States,68600,1100000
418,19600000,7906181776,6700000,2304000000,Film & Animation,United States,576000,9200000
419,19600000,3961318438,,22292000,Gaming,United States,5600,89200
428,19200000,4329121104,,2730000,People & Blogs,United States,683,10900
430,19100000,13124645973,,17243000,Entertainment,United States,4300,69000
431,19100000,4566120190,,30986000,Comedy,United States,7700,123900
434,19000000,4924054368,100000,21587000,Education,United States,5400,86300
443,18800000,3654621568,100000,29874000,Education,United States,7500,119500
447,18800000,9573641299,100000,97758000,Music,United States,24400,391000
453,18600000,7008250496,200000,43396000,,United States,10800,173600
461,18400000,4120324310,,14430000,Entertainment,United States,3600,57700
465,18400000,25367126292,,267126000,Music,United States,66800,1100000
467,18300000,7760819588,100000,127982000,Entertainment,United States,32000,511900
468,18300000,1556003039,800000,140261000,Gaming,United States,35100,561000
472,18100000,13378360425,700000,497044000,Entertainment,United States,124300,2000000
475,18100000,14857290259,300000,180412000,Education,United States,45100,721600
480,18000000,15412333005,,4,Entertainment,United States,0,0.02
481,18000000,10463166404,,110776000,News & Politics,United States,27700,443100
482,18000000,17921124985,100000,257597000,Music,United States,64400,1000000
485,17900000,7176572299,100000,8650000,People & Blogs,United States,2200,34600
486,17900000,3841205465,100000,51687000,People & Blogs,United States,12900,206700
488,17900000,5244917119,,18548000,Comedy,United States,4600,74200
489,17900000,6888074944,,29182000,Music,United States,7300,116700
491,17900000,9887116267,400000,447891000,Music,United States,112000,1800000
492,17900000,16174530046,100000,102621000,Shows,United States,25700,410500
495,17800000,8588704539,2960,20708,Film & Animation,United States,5,83
498,17700000,20115544708,,97422000,Music,United States,24400,389700
515,17500000,16107116549,,98342000,Gaming,United States,24600,393400
516,17400000,17763586483,400000,439870000,Gaming,United States,110000,1800000
520,17300000,1026425106,100000,46484000,Science & Technology,United States,11600,185900
525,17200000,3606912471,100000,52325000,Science & Technology,United States,13100,209300
532,17100000,2173106162,,1761000,Comedy,United States,440,7000
536,17000000,14543594822,,49817000,Music,United States,12500,199300
538,16900000,9111000228,,10889000,Gaming,United States,2700,43600
539,16900000,3827906874,,1635000,Entertainment,United States,409,6500
540,16900000,4609753237,100000,36357000,Entertainment,United States,9100,145400
542,16900000,9544277833,700000,275264000,People & Blogs,United States,68800,1100000
550,16700000,7102965621,200000,105114000,Gaming,United States,26300,420500
551,16700000,8826138204,100000,45698000,Entertainment,United States,11400,182800
552,16700000,7979736581,,37623,Music,United States,9,150
561,16600000,5819508534,300000,199033000,Entertainment,United States,49800,796100
562,16500000,2440934034,200000,21953000,Entertainment,United States,5500,87800
563,16500000,3037260680,100000,112986000,Comedy,United States,28200,451900
565,16500000,7406207930,,24378000,Entertainment,United States,6100,97500
566,16400000,3955426159,,18028000,Howto & Style,United States,4500,72100
568,16400000,7135820721,100000,133208000,Sports,United States,33300,532800
573,16300000,3527627264,,29735,Entertainment,United States,7,119
574,16300000,6578828147,,28787000,Music,United States,7200,115100
575,16300000,6613422635,100000,42704000,Music,United States,10700,170800
578,16300000,12475714382,,88004000,Music,United States,22000,352000
580,16300000,1656452554,200000,17944000,Gaming,United States,4500,71800
582,16200000,10227242833,,63441000,Music,United States,15900,253800
583,16200000,8091706232,,25912000,Entertainment,United States,6500,103600
589,16200000,14784781923,1000,37911,People & Blogs,United States,9,152
594,16100000,7399296005,100000,32011000,,United States,8000,128000
597,16100000,6872702790,300000,399807000,Entertainment,United States,100000,1600000
600,16100000,15812009296,300000,267131000,Entertainment,United States,66800,1100000
608,15900000,9962188084,,9915000,Music,United States,2500,39700
609,15900000,2609358468,,2006000,Howto & Style,United States,502,8000
612,15900000,9052367553,200000,164895000,Gaming,United States,41200,659600
617,15800000,13116313599,100000,25738000,Film & Animation,United States,6400,103000
623,15700000,8696631898,1200000,335111000,Entertainment,United States,83800,1300000
628,15600000,6165757696,,27382000,People & Blogs,United States,6800,109500
635,15500000,12880388253,10,,Science & Technology,United States,0,0
637,15500000,6396049701,,27375000,Entertainment,United States,6800,109500
641,15400000,1543608082,100000,55369000,Gaming,United States,13800,221500
642,15400000,5469103954,,1583000,People & Blogs,United States,396,6300
645,15400000,4909687948,100000,36790000,Music,United States,9200,147200
648,15300000,10714145606,,77053000,Education,United States,19300,308200
659,15200000,14198154095,100000,187006000,News & Politics,United States,46800,748000
661,15100000,1777072487,,15984000,People & Blogs,United States,4000,63900
666,15100000,3060202847,200000,43409000,People & Blogs,United States,10900,173600
667,15100000,2761547758,,11956000,Howto & Style,United States,3000,47800
680,15000000,7159750970,,43133000,Gaming,United States,10800,172500
681,15000000,2730879024,,,Education,United States,0,0
683,15000000,4741434420,100000,41789000,Gaming,United States,10400,167200
684,15000000,6889304306,100000,29724000,Gaming,United States,7400,118900
689,15000000,10239836582,200000,312858000,Entertainment,United States,78200,1300000
694,14900000,10069000444,100000,119812000,Music,United States,30000,479200
696,14900000,4033400167,,11043000,Entertainment,United States,2800,44200
697,14900000,4395184343,100000,56358000,Music,United States,14100,225400
704,14800000,13356517783,,61205000,Music,United States,15300,244800
705,14800000,1833519700,,7177000,Education,United States,1800,28700
706,14800000,3587576784,,22980000,Music,United States,5700,91900
709,14800000,8649303688,,51645000,People & Blogs,United States,12900,206600
713,14800000,15788208522,1700000,1203000000,,United States,300800,4800000
714,14800000,8866012877,,53181000,People & Blogs,United States,13300,212700
716,14700000,1321380490,,4781000,Entertainment,United States,1200,19100
718,14700000,2465473772,,18978000,Entertainment,United States,4700,75900
720,14700000,6751985988,100000,36338000,Comedy,United States,9100,145400
721,14700000,7255848125,,55583000,Comedy,United States,0,0
722,14700000,8882319696,100000,79402000,Education,United States,19900,317600
724,14700000,12961669452,100000,185709000,News & Politics,United States,46400,742800
728,14600000,3603556207,400000,92594000,Gaming,United States,23100,370400
730,14600000,5766647017,200000,151697000,Gaming,United States,37900,606800
731,14600000,6017932195,,35528000,Music,United States,8900,142100
733,14600000,7952268926,,37632000,Music,United States,9400,150500
737,14500000,6944967581,,29941000,Entertainment,United States,7500,119800
738,14500000,4577292740,,449576,Entertainment,United States,112,1800
741,14500000,4260187928,,9910000,Entertainment,United States,2500,39600
743,14500000,4821183481,400000,149241000,,United States,37300,597000
746,14500000,8582696157,,48285000,Entertainment,United States,12100,193100
749,14500000,20042571499,,98185000,Music,United States,24500,392700
759,14400000,3900312631,,8636000,Comedy,United States,2200,34500
760,14400000,4035738731,10000,3557000,Music,United States,889,14200
762,14400000,4597228794,,26683000,Howto & Style,United States,6700,106700
763,14400000,5689224452,,,People & Blogs,United States,0,0
764,14400000,6543282459,,40089000,,United States,10000,160400
767,14400000,11423792969,,88657000,Music,United States,22200,354600
769,14300000,4776507159,100000,413774,People & Blogs,United States,103,1700
770,14300000,6388439235,,,Comedy,United States,0,0
782,14200000,3317805543,,12902000,Entertainment,United States,3200,51600
789,14100000,6884215292,200000,135563000,Music,United States,33900,542300
790,14100000,19013942981,,98834000,Music,United States,24700,395300
799,14000000,18917687143,1100000,1364000000,People & Blogs,United States,340900,5500000
805,13900000,2244318380,,4598000,Film & Animation,United States,1100,18400
808,13900000,5465532801,,26883000,Entertainment,United States,6700,107500
810,13900000,12513842343,100000,97284000,Music,United States,24300,389100
811,13900000,8451754769,200000,114261000,,United States,28600,457000
812,13900000,2165885634,200000,44149000,Education,United States,11000,176600
814,13800000,2224911030,300000,99654000,Entertainment,United States,24900,398600
834,13600000,1948925559,100000,30677000,Sports,United States,7700,122700
835,13600000,3764608356,100000,15277000,Music,United States,3800,61100
838,13600000,14717282742,,56626000,Entertainment,United States,14200,226500
848,13500000,2750993392,,10787000,Music,United States,2700,43100
849,13500000,1900272833,100000,1335000,Howto & Style,United States,334,5300
850,13400000,4622628957,200000,92228000,,United States,23100,368900
855,13400000,2319515787,,14498000,Howto & Style,United States,3600,58000
857,13400000,4356686216,,16785000,Gaming,United States,4200,67100
859,13400000,10022557589,500000,397715000,People & Blogs,United States,99400,1600000
860,13400000,4306212515,1,3,People & Blogs,United States,0,0.01
862,13300000,6050102764,,15694000,Gaming,United States,3900,62800
863,13300000,3299216601,,1929000,Entertainment,United States,482,7700
865,13300000,3733856870,,4233000,Entertainment,United States,1100,16900
866,13300000,4177184071,100000,45095000,Entertainment,United States,11300,180400
868,13300000,9088562002,100000,161889000,People & Blogs,United States,40500,647600
870,13300000,7773543609,200000,188948000,Gaming,United States,47200,755800
871,13300000,7406628736,100000,17468000,Comedy,United States,4400,69900
875,13200000,9884886099,500000,319647000,Entertainment,United States,79900,1300000
882,13200000,5263540904,100000,51820000,Education,United States,13000,207300
884,13200000,9378175604,300000,119389000,People & Blogs,United States,29800,477600
887,13100000,2182651464,1,248,Entertainment,United States,0.06,0.99
889,13100000,2733682792,100000,56894000,,United States,14200,227600
895,13100000,4399833602,100000,60661000,People & Blogs,United States,15200,242600
899,13100000,5264039679,,50922000,Music,United States,12700,203700
907,13000000,9999238237,,41109000,Entertainment,United States,10300,164400
911,13000000,4637474071,,42412000,Comedy,United States,0,0
916,12900000,3643698504,100000,29379000,Entertainment,United States,7300,117500
917,12900000,6300933122,100000,91240000,Music,United States,22800,365000
920,12900000,15446707595,100000,75773000,Music,United States,18900,303100
928,12800000,9502983550,200000,228951000,Comedy,United States,57200,915800
930,12800000,14185611472,,89566000,Music,United States,22400,358300
935,12700000,5567832210,100000,46602000,,United States,11700,186400
937,12700000,9927699419,1000,472367,Music,United States,118,1900
938,12700000,13174393401,100000,169968000,Entertainment,United States,42500,679900
939,12700000,4733873025,100000,43868000,Howto & Style,United States,11000,175500
942,12700000,6001189018,,16117000,,United States,4000,64500
945,12600000,3152402405,100000,5952000,People & Blogs,United States,1500,23800
947,12600000,8831179714,,35027000,Music,United States,8800,140100
950,12500000,1136534702,,15340000,Entertainment,United States,3800,61400
951,12500000,161254021,,757789000,,United States,0,0
956,12500000,2983799729,200000,111252000,Howto & Style,United States,27800,445000
958,12500000,4163639093,500000,565459000,,United States,0,0
971,12400000,7597013023,1200000,903672000,Comedy,United States,225900,3600000
974,12400000,2394143260,,27596,Gaming,United States,7,110
984,12400000,16086808918,100,,Comedy,United States,0,0
988,12400000,6202090191,,50188000,Music,United States,12500,200800
989,12400000,4779139505,400000,177600000,Education,United States,44400,710400
990,12400000,6993406259,100000,49412000,Music,United States,12400,197600
8,111000000,29058044447,,39184000,Gaming,Japan,9800,156700
216,26200000,16097531087,1100000,721848000,Entertainment,Japan,180500,2900000
321,22000000,18347969186,800000,711254000,Entertainment,Japan,177800,2800000
691,15000000,13562853889,900000,282372000,Comedy,Japan,70600,1100000
703,14900000,8615618825,9,2477,Entertainment,Japan,0.62,10
9,106000000,90479060027,100000,48947000,People & Blogs,Russia,12200,195800
47,47500000,30788679536,700000,306540000,Entertainment,Russia,76600,1200000
65,43200000,36458726976,300000,303780000,Film & Animation,Russia,75900,1200000
368,20700000,8658941531,1600000,552266000,People & Blogs,Russia,138100,2200000
440,18900000,2855519150,,24563000,People & Blogs,Russia,6100,98300
457,18500000,3457618361,100000,38282000,Gaming,Russia,9600,153100
459,18500000,8147575884,100000,48947000,People & Blogs,Russia,12200,195800
530,17100000,4448334716,100000,37164000,Comedy,Russia,9300,148700
607,15900000,1845329502,10,,People & Blogs,Russia,0,0
650,15300000,9938811455,800000,475565000,People & Blogs,Russia,118900,1900000
671,15100000,6668507856,100000,95603000,Gaming,Russia,23900,382400
675,15100000,13897932103,700000,713509000,Entertainment,Russia,178400,2900000
701,14900000,439098,,7697,People & Blogs,Russia,2,31
796,14000000,7719743112,200000,150570000,Gaming,Russia,37600,602300
867,13300000,6482687220,100000,90241000,People & Blogs,Russia,22600,361000
876,13200000,1148422000,200000,8769000,Entertainment,Russia,2200,35100
14,89800000,32144597566,700000,498930000,People & Blogs,South Korea,124700,2000000
18,75600000,20826993957,400000,168290000,Music,South Korea,42100,673200
21,71300000,28634566938,900000,598173000,Music,South Korea,149500,2400000
196,27400000,19883150017,200000,307631000,Music,South Korea,76900,1200000
251,24500000,23962070944,,105567000,Music,South Korea,26400,422300
373,20500000,15038593883,100000,158540000,Entertainment,South Korea,39600,634200
439,19000000,15126092508,,107989000,Entertainment,South Korea,27000,432000
476,18100000,10703830496,,64989000,Music,South Korea,16200,260000
496,17700000,19206701832,3200000,3404000000,,South Korea,850900,13600000
497,17700000,7387621644,,102803000,,South Korea,0,0
511,17600000,3802280098,,11099000,Music,South Korea,2800,44400
672,15100000,7857371770,,40806000,Music,South Korea,10200,163200
744,14500000,5014888374,,4960000,People & Blogs,South Korea,1200,19800
753,14400000,600154268,300000,1370000,Entertainment,South Korea,342,5500
906,13000000,8739174649,1000000,1081000000,Gaming,South Korea,270300,4300000
915,12900000,3178222797,,4001000,Entertainment,South Korea,1000,16000
946,12600000,3485373675,300000,113132000,People & Blogs,South Korea,28300,452500
17,80100000,26236790209,,1,Howto & Style,United Kingdom,0,0
40,53500000,30367676736,100000,202720000,Music,United Kingdom,50700,810900
128,33400000,10530729078,,55654000,Music,United Kingdom,13900,222600
138,32100000,10602236110,100000,56534000,Shows,United Kingdom,14100,226100
151,31400000,22919271731,300000,244925000,Film & Animation,United Kingdom,61200,979700
164,30200000,14199108016,100000,137099000,Music,United Kingdom,34300,548400
198,27400000,19417887510,500000,78668000,Gaming,United Kingdom,19700,314700
233,25300000,17331663193,100000,198875000,Music,United Kingdom,49700,795500
243,24800000,17387583720,500000,331889000,Entertainment,United Kingdom,83000,1300000
263,24100000,6002166932,,5439000,Entertainment,United Kingdom,1400,21800
275,23700000,15510153803,,32817000,People & Blogs,United Kingdom,8200,131300
281,23600000,7920637200,100000,53589000,Film & Animation,United Kingdom,13400,214400
282,23500000,14777034543,,41669000,Gaming,United Kingdom,10400,166700
283,23500000,14696994366,,59629000,People & Blogs,United Kingdom,14900,238500
328,21800000,11288359365,100000,128047000,Music,United Kingdom,32000,512200
329,21800000,12140232004,,51134000,Music,United Kingdom,12800,204500
382,20300000,2441288701,100000,86457000,Entertainment,United Kingdom,21600,345800
403,20000000,3875172235,200000,39228000,Entertainment,United Kingdom,9800,156900
413,19700000,11323617496,100000,54192000,Entertainment,United Kingdom,13500,216800
414,19700000,9808676159,,336,Entertainment,United Kingdom,0.08,1
438,19000000,16014044618,100000,102410000,Music,United Kingdom,25600,409600
444,18800000,5257834105,100000,78158000,Entertainment,United Kingdom,19500,312600
533,17000000,10847948832,100000,93768000,Music,United Kingdom,23400,375100
576,16300000,7520242626,,38604000,Music,United Kingdom,9700,154400
577,16300000,10170264839,,85778000,Music,United Kingdom,21400,343100
581,16300000,4768370464,,3079000,Gaming,United Kingdom,770,12300
585,16200000,4076692623,100000,27808000,Gaming,United Kingdom,7000,111200
643,15400000,3736069980,400000,167697000,Science & Technology,United Kingdom,41900,670800
676,15100000,12413869881,100000,84750000,Music,United Kingdom,21200,339000
677,15000000,4352427049,600000,250995000,Gaming,United Kingdom,62700,1000000
742,14500000,4598387043,100000,66273000,News & Politics,United Kingdom,16600,265100
775,14200000,2084791147,200000,54291000,Gaming,United Kingdom,13600,217200
791,14100000,3280481927,,10222000,Sports,United Kingdom,2600,40900
837,13600000,9685060624,100000,44414000,Pets & Animals,United Kingdom,11100,177700
842,13500000,5380132790,130,1615,Entertainment,United Kingdom,0.4,6
843,13500000,5545936485,100000,35309000,Music,United Kingdom,8800,141200
846,13500000,11717217293,400000,495561000,Comedy,United Kingdom,123900,2000000
923,12800000,3632438963,,27957000,Entertainment,United Kingdom,7000,111800
944,12600000,3303595310,100000,58838000,Gaming,United Kingdom,14700,235400
948,12600000,6969178081,,36681000,Music,United Kingdom,9200,146700
949,12500000,1612094871,,8482000,Entertainment,United Kingdom,2100,33900
983,12400000,12607488647,,34758000,Music,United Kingdom,8700,139000
993,12300000,2214684303,1000,67035,,United Kingdom,17,268
20,71600000,30608119724,100000,176326000,Music,Canada,44100,705300
81,39200000,44900897958,400000,560756000,Education,Canada,140200,2200000
135,32600000,23379969006,200000,373828000,Music,Canada,93500,1500000
171,30000000,12831200855,,88749000,Music,Canada,22200,355000
223,25800000,15541421838,,54947000,Gaming,Canada,13700,219800
240,25100000,16357064198,,49009000,Music,Canada,12300,196000
274,23700000,7451792132,1,,Gaming,Canada,0,0
404,20000000,6033295543,,,Music,Canada,0,0
626,15600000,7172386509,100000,88224000,Science & Technology,Canada,22100,352900
752,14500000,3517662420,,5329000,Comedy,Canada,1300,21300
815,13800000,1820559912,100000,83943000,Science & Technology,Canada,21000,335800
840,13500000,4301581610,,32557000,Gaming,Canada,8100,130200
874,13300000,6412313570,100000,5387000,Gaming,Canada,1300,21500
927,12800000,6970899521,,18118000,Entertainment,Canada,4500,72500
979,12400000,4021409291,,9595000,Entertainment,Canada,2400,38400
24,66500000,36775585925,,447223000,Music,Brazil,0,0
55,45200000,16602198273,200000,130359000,Entertainment,Brazil,32600,521400
56,44700000,7828610828,100000,48032000,Entertainment,Brazil,12000,192100
60,44200000,4274709210,,26683000,Comedy,Brazil,6700,106700
84,38900000,25154232306,100000,1635000000,Music,Brazil,408700,6500000
97,37000000,24188861917,300000,251449000,People & Blogs,Brazil,62900,1000000
121,33800000,27274550757,200000,403508000,Film & Animation,Brazil,100900,1600000
139,32100000,13061739758,,44505000,Gaming,Brazil,11100,178000
177,29200000,11627437847,1000000,303100000,Comedy,Brazil,75800,1200000
205,26900000,7938616641,200000,82912000,Entertainment,Brazil,20700,331600
264,24000000,13943030228,1100000,761451000,Comedy,Brazil,190400,3000000
285,23400000,7926899136,,28285000,Film & Animation,Brazil,7100,113100
334,21600000,9597894786,300000,193174000,Autos & Vehicles,Brazil,48300,772700
354,21000000,7762905663,400000,118410000,Entertainment,Brazil,29600,473600
358,20900000,3828000587,100000,52330000,Entertainment,Brazil,13100,209300
363,20800000,1870608170,,23897000,Comedy,Brazil,6000,95600
376,20400000,1796227417,100000,39495000,Film & Animation,Brazil,9900,158000
394,20100000,8920141342,,5420000,Gaming,Brazil,1400,21700
406,19900000,13917423958,100000,214803000,Music,Brazil,53700,859200
437,19000000,13824277846,100000,76903000,Film & Animation,Brazil,19200,307600
456,18500000,2908120896,100000,6148000000,Music,Brazil,0,0
471,18200000,3213324455,,18045000,People & Blogs,Brazil,4500,72200
478,18000000,3980991248,100000,54766000,Howto & Style,Brazil,13700,219100
502,17700000,7739048000,,35337000,Entertainment,Brazil,8800,141300
526,17200000,7337212581,,72684000,Music,Brazil,18200,290700
543,16900000,3523578665,400000,149543000,Nonprofits & Activism,Brazil,37400,598200
548,16800000,3693798804,100000,44121000,Film & Animation,Brazil,11000,176500
584,16200000,2990185467,100000,33015000,Comedy,Brazil,8300,132100
595,16100000,2687443643,,13802000,People & Blogs,Brazil,3500,55200
611,15900000,9198986881,100000,136388000,Music,Brazil,34100,545600
627,15600000,3869457097,100000,56218000,Entertainment,Brazil,14100,224900
634,15500000,14619523361,,163678000,Music,Brazil,40900,654700
679,15000000,8897705695,,145478000,Entertainment,Brazil,36400,581900
692,15000000,11506702632,,182871000,Music,Brazil,45700,731500
702,14900000,5956193599,100000,39775000,Gaming,Brazil,9900,159100
710,14800000,9076642765,,88120000,Music,Brazil,22000,352500
725,14700000,4684983333,100000,40975000,Music,Brazil,10200,163900
729,14600000,4622581344,,10547000,People & Blogs,Brazil,2600,42200
732,14600000,11182302317,100000,109865000,Music,Brazil,27500,439500
736,14500000,2440718089,,,Music,Brazil,0,0
740,14500000,3551889957,,2838000,Howto & Style,Brazil,709,11400
772,14200000,4040297006,,19029000,Film & Animation,Brazil,4800,76100
793,14000000,4959982720,,10210000,Gaming,Brazil,2600,40800
802,14000000,5094050461,100000,68058000,Entertainment,Brazil,17000,272200
803,13900000,5673347763,100000,106718000,Gaming,Brazil,26700,426900
822,13700000,1967930734,200000,87804000,Comedy,Brazil,22000,351200
824,13700000,1950178163,,7438000,Entertainment,Brazil,1900,29800
829,13700000,8134379376,,64059000,Music,Brazil,16000,256200
881,13200000,5224764969,100000,64517000,Entertainment,Brazil,16100,258100
893,13100000,2555801802,100000,43990000,People & Blogs,Brazil,11000,176000
894,13100000,4214172991,100000,27340000,Film & Animation,Brazil,6800,109400
896,13100000,4608751851,,48223000,Music,Brazil,12100,192900
898,13100000,5333569294,,17588000,Entertainment,Brazil,4400,70400
902,13000000,1024467771,,3052000,Comedy,Brazil,763,12200
910,13000000,4349562794,,29526000,Music,Brazil,7400,118100
912,12900000,2112274210,100000,31796000,People & Blogs,Brazil,7900,127200
913,12900000,140022442,,147626,Entertainment,Brazil,37,591
941,12700000,1081285962,,3619000,Gaming,Brazil,905,14500
960,12500000,4625777945,,7158000,Entertainment,Brazil,1800,28600
966,12500000,16690788752,100000,213700000,Music,Brazil,53400,854800
976,12400000,2602614088,,,Comedy,Brazil,0,0
991,12300000,9029609749,700000,552513000,Sports,Brazil,138100,2200000
32,58400000,57271630846,600000,611828000,Music,Argentina,153000,2400000
106,35700000,27118354077,400000,302071000,Music,Argentina,75500,1200000
154,31200000,6187804950,1900000,190679000,Entertainment,Argentina,47700,762700
175,29300000,21226945136,,15,Music,Argentina,0,0.06
258,24100000,10999000479,600000,401512000,Comedy,Argentina,100400,1600000
297,23000000,6041264489,100000,35539000,Entertainment,Argentina,8900,142200
315,22400000,8040036209,,72242000,Music,Argentina,18100,289000
371,20600000,7657171980,200000,193176000,Comedy,Argentina,48300,772700
487,17900000,5168721499,100000,27545000,Entertainment,Argentina,6900,110200
505,17700000,17247584185,600000,640030000,Film & Animation,Argentina,160000,2600000
528,17200000,11445492404,100000,83709000,Education,Argentina,20900,334800
610,15900000,6534326412,200000,64085000,Gaming,Argentina,16000,256300
673,15100000,9477021288,700000,512343000,Comedy,Argentina,128100,2000000
45,48100000,14631710289,200000,66388000,Gaming,Chile,16600,265600
340,21500000,8409641722,4,49,Gaming,Chile,0.01,0.2
510,17600000,6306204566,500000,100215000,Gaming,Chile,25100,400900
53,46100000,10323391593,200000,33842000,Gaming,El Salvador,8500,135400
57,44600000,41139050371,1300000,1337000000,Entertainment,Pakistan,334300,5300000
66,43200000,37939780685,900000,1149000000,Entertainment,Pakistan,287300,4600000
186,28300000,23844936965,700000,684860000,Entertainment,Pakistan,171200,2700000
819,13800000,5727888539,100000,100053000,News & Politics,Pakistan,25000,400200
908,13000000,301547793,8,590,,Pakistan,0.15,2
970,12500000,4340213066,32,8721,Science & Technology,Pakistan,2,35
61,44200000,50292540392,300000,176629000,People & Blogs,Philippines,44200,706500
142,31900000,19428308461,500000,798510000,Entertainment,Philippines,199600,3200000
209,26500000,15065753455,300000,163130000,News & Politics,Philippines,40800,652500
350,21200000,11364908616,200000,142317000,Entertainment,Philippines,35600,569300
554,16600000,1318442641,100000,15079000,,Philippines,3800,60300
654,15200000,1491452935,,9980000,Entertainment,Philippines,2500,39900
665,15100000,1760131384,,12376000,People & Blogs,Philippines,3100,49500
674,15100000,10489367372,100000,181644000,News & Politics,Philippines,45400,726600
771,14200000,6048517979,,62658000,Music,Philippines,15700,250600
833,13600000,896891351,100000,12088000,,Philippines,3000,48400
858,13400000,9569814790,100000,115459000,News & Politics,Philippines,28900,461800
888,13100000,1401914513,,10848000,People & Blogs,Philippines,2700,43400
62,43700000,12884264778,,22,Music,Thailand,0.01,0.09
83,39000000,36131228583,200000,130461000,Entertainment,Thailand,32600,521800
94,37500000,27262462114,300000,140754000,Entertainment,Thailand,35200,563000
126,33500000,29611914495,100000,61307000,Entertainment,Thailand,0,0
291,23100000,25579831081,,130233000,Music,Thailand,32600,520900
454,18600000,20196704276,100000,168597000,Music,Thailand,42100,674400
463,18400000,11544297793,100000,54133000,Music,Thailand,13500,216500
506,17600000,9269174070,,55127000,Gaming,Thailand,13800,220500
517,17400000,13043561912,200000,235993000,Entertainment,Thailand,59000,944000
567,16400000,4434679706,,9341000,Comedy,Thailand,2300,37400
569,16400000,9463244435,100000,87757000,Entertainment,Thailand,21900,351000
572,16400000,12844432341,200000,181382000,Entertainment,Thailand,45300,725500
587,16200000,14563841315,100000,224756000,News & Politics,Thailand,56200,899000
644,15400000,14564170905,100000,82798000,Music,Thailand,20700,331200
699,14900000,5549770244,100000,49556000,Entertainment,Thailand,12400,198200
747,14500000,9383692066,100000,45622000,Entertainment,Thailand,11400,182500
792,14100000,4627069704,100000,12502000,Entertainment,Thailand,3100,50000
856,13400000,3363634923,,41672000,Comedy,Thailand,10400,166700
64,43500000,27568757295,500000,353412000,People & Blogs,Colombia,88400,1400000
117,34100000,23005313609,100000,128696000,Music,Colombia,32200,514800
137,32100000,18699145555,300000,465647000,Music,Colombia,116400,1900000
193,27700000,15777682516,200000,173836000,Music,Colombia,43500,695300
207,26700000,10317306313,,24363000,Comedy,Colombia,6100,97500
242,25000000,14827085149,300000,284144000,Music,Colombia,71000,1100000
385,20200000,2951914200,1600000,263864000,Entertainment,Colombia,66000,1100000
613,15900000,6802382479,100000,59890000,Music,Colombia,15000,239600
851,13400000,11789678655,100000,228902000,Music,Colombia,57200,915600
883,13200000,20743586601,,86270000,Music,Colombia,21600,345100
943,12700000,1714955279,1500000,327600000,People & Blogs,Colombia,81900,1300000
70,41900000,22477745835,100000,182926000,Entertainment,Barbados,45700,731700
72,41300000,5603111948,400000,136745000,People & Blogs,Mexico,34200,547000
74,40600000,8670473639,,,Comedy,Mexico,0,0
143,31800000,6762424690,,31455000,Howto & Style,Mexico,7900,125800
225,25700000,7466926260,,30501000,People & Blogs,Mexico,7600,122000
244,24800000,2588501115,,336291,Howto & Style,Mexico,84,1300
255,24200000,2700914170,100000,33590000,Entertainment,Mexico,8400,134400
278,23600000,2135644776,200000,46862000,Entertainment,Mexico,11700,187400
302,22900000,13206471140,200000,136821000,Education,Mexico,34200,547300
325,21900000,20657571751,,4719,Entertainment,Mexico,1,19
338,21500000,15013096899,,15459,News & Politics,Mexico,4,62
422,19400000,1577859332,100000,2382000,People & Blogs,Mexico,595,9500
435,19000000,7229175322,200000,123338000,Howto & Style,Mexico,30800,493400
442,18900000,9813245108,,140398000,Education,Mexico,35100,561600
507,17600000,2274007523,100000,27445000,Comedy,Mexico,6900,109800
553,16700000,5089284369,,16139000,People & Blogs,Mexico,4000,64600
555,16600000,2798273962,,,Entertainment,Mexico,0,0
601,16100000,9642146451,,,Entertainment,Mexico,0,0
604,16000000,3029872908,,4698000,Gaming,Mexico,1200,18800
606,16000000,5997599089,200000,112393000,Film & Animation,Mexico,28100,449600
624,15600000,1511794214,,62551000,Entertainment,Mexico,0,0
629,15500000,8984089026,100000,90012000,People & Blogs,Mexico,22500,360000
682,15000000,4008801873,100000,33880000,Entertainment,Mexico,8500,135500
734,14600000,2750902766,100000,50677000,Howto & Style,Mexico,12700,202700
776,14200000,3920559552,200000,44575000,Gaming,Mexico,11100,178300
795,14000000,4674164601,100000,26783000,People & Blogs,Mexico,6700,107100
798,14000000,9660950823,,70626000,Music,Mexico,17700,282500
818,13800000,5019136690,100000,26519000,People & Blogs,Mexico,6600,106100
909,13000000,6270909026,600000,368437000,Entertainment,Mexico,92100,1500000
933,12700000,4266957149,100000,77482000,Comedy,Mexico,19400,309900
954,12500000,1402042328,,8869000,Gaming,Mexico,2200,35500
957,12500000,3140883140,,31007000,Travel & Events,Mexico,7800,124000
962,12500000,7489455451,100000,115881000,Music,Mexico,29000,463500
975,12400000,2862685032,,10278000,People & Blogs,Mexico,2600,41100
77,39700000,23884824160,300000,247731000,People & Blogs,United Arab Emirates,61900,990900
256,24200000,15724160183,200000,151208000,,United Arab Emirates,37800,604800
333,21700000,8507818877,3400000,1598000000,,United Arab Emirates,399600,6400000
386,20200000,2764127969,100000,15556000,Comedy,United Arab Emirates,3900,62200
640,15400000,11513738907,200000,80172000,Gaming,United Arab Emirates,20000,320700
787,14100000,5405563355,500000,353259000,Autos & Vehicles,United Arab Emirates,88300,1400000
918,12900000,7520379951,100000,80219000,People & Blogs,United Arab Emirates,20100,320900
82,39100000,16118181673,800000,264108000,Gaming,Spain,66000,1100000
120,33800000,15432929204,,39094000,Gaming,Spain,9800,156400
178,29200000,4079141673,,12143000,Comedy,Spain,3000,48600
450,18700000,12295637162,1,102,Entertainment,Spain,0.03,0.41
462,18400000,7038827526,,11004000,Comedy,Spain,2800,44000
483,18000000,6404852037,,43830000,Gaming,Spain,11000,175300
529,17200000,5024088947,,15405000,Gaming,Spain,3900,61600
556,16600000,3696973456,,65470,Howto & Style,Spain,16,262
590,16200000,4488680903,,4,Entertainment,Spain,0,0.02
647,15300000,2656528205,200000,84867000,Sports,Spain,21200,339500
668,15100000,4236036141,,5972000,Gaming,Spain,1500,23900
698,14900000,4977284539,100000,13857000,Entertainment,Spain,3500,55400
717,14700000,1506796393,600,226420,Entertainment,Spain,57,906
727,14600000,3337074920,,60568000,People & Blogs,Spain,15100,242300
797,14000000,8623705301,100000,201659000,Music,Spain,50400,806600
832,13600000,2122062016,200000,47436000,Gaming,Spain,11900,189700
914,12900000,2509752944,100000,11993000,Sports,Spain,3000,48000
925,12800000,6662288136,100000,53988000,Music,Spain,13500,216000
934,12700000,4579773883,,10083000,Music,Spain,2500,40300
955,12500000,6956320454,,16319000,Education,Spain,4100,65300
978,12400000,2840137980,100000,24022000,Gaming,Spain,6000,96100
980,12400000,6933660906,100000,82648000,Gaming,Spain,20700,330600
86,38400000,21528116909,2000,1589000,People & Blogs,Saudi Arabia,397,6400
218,26100000,7886440199,,,Entertainment,Saudi Arabia,0,0
309,22600000,17507060680,100000,73829000,People & Blogs,Saudi Arabia,18500,295300
455,18600000,8761255550,500000,43007000,Gaming,Saudi Arabia,10800,172000
631,15500000,6386271870,200000,90914000,Music,Saudi Arabia,22700,363700
633,15500000,8265129639,300000,135036000,Shows,Saudi Arabia,33800,540100
715,14700000,2230986039,,2694000,Entertainment,Saudi Arabia,673,10800
757,14400000,2972474215,,4673000,Entertainment,Saudi Arabia,1200,18700
873,13300000,4129249415,200000,70712000,Gaming,Saudi Arabia,17700,282800
118,34000000,3963007415,5500000,547141000,Entertainment,Indonesia,136800,2200000
130,33300000,5994136760,1900000,157101000,People & Blogs,Indonesia,39300,628400
160,30400000,4332274962,,21440000,Entertainment,Indonesia,5400,85800
222,25900000,11372071889,600000,230183000,Music,Indonesia,57500,920700
231,25400000,6430853035,100000,58487000,People & Blogs,Indonesia,14600,233900
241,25000000,14169516119,100000,123189000,Entertainment,Indonesia,30800,492800
352,21100000,4526271677,100000,26974000,People & Blogs,Indonesia,6700,107900
370,20600000,4956090094,1,85,Entertainment,Indonesia,0.02,0.34
384,20300000,11819051552,100000,112768000,Education,Indonesia,28200,451100
391,20200000,6098644584,200000,64489000,Gaming,Indonesia,16100,258000
460,18500000,4051072188,1600000,197369000,People & Blogs,Indonesia,49300,789500
466,18300000,1606834186,,17063000,People & Blogs,Indonesia,4300,68300
473,18100000,3306242674,,27312000,Entertainment,Indonesia,6800,109200
500,17700000,3647267655,100000,48174000,People & Blogs,Indonesia,12000,192700
531,17100000,9710962528,100000,45811000,Entertainment,Indonesia,11500,183200
547,16800000,7195314800,100000,42836000,Entertainment,Indonesia,10700,171300
592,16100000,1517638132,,9619000,Entertainment,Indonesia,2400,38500
616,15800000,4122634467,100000,71870000,People & Blogs,Indonesia,18000,287500
646,15400000,4750420071,,19740000,People & Blogs,Indonesia,4900,79000
663,15100000,2143140898,100000,17231000,Education,Indonesia,4300,68900
690,15000000,11827310821,100000,113064000,News & Politics,Indonesia,28300,452300
695,14900000,8074260978,100000,43581000,Entertainment,Indonesia,10900,174300
788,14100000,6036496916,400000,176062000,Entertainment,Indonesia,44000,704200
839,13500000,1181292450,,13436000,Gaming,Indonesia,3400,53700
880,13200000,4205664894,800000,264308000,,Indonesia,66100,1100000
903,13000000,10664585,300000,2292000000,Entertainment,Indonesia,0,0
922,12900000,2848466522,,837700,Education,Indonesia,209,3400
977,12400000,1113066203,,806075,Entertainment,Indonesia,202,3200
133,32700000,19180039918,2100000,1463000000,,Turkey,365900,5900000
260,24100000,56106087508,200000,424815000,Music,Turkey,106200,1700000
417,19600000,8779729549,100000,110806000,Entertainment,Turkey,27700,443200
658,15200000,8333387785,,4427000,Entertainment,Turkey,1100,17700
152,31200000,9673649438,100,3589,People & Blogs,Venezuela,0.9,14
159,30500000,4521573939,1300000,157908000,Gaming,Kuwait,39500,631600
166,30200000,27684955537,100000,116434000,Entertainment,Jordan,29100,465700
301,22900000,16298342829,300000,169056000,Music,Jordan,42300,676200
804,13900000,9106781518,100000,87639000,Entertainment,Jordan,21900,350600
168,30100000,19607009165,100000,100040000,Music,Netherlands,25000,400200
774,14200000,1778318927,,35934000,Howto & Style,Netherlands,9000,143700
817,13800000,2480957682,200000,55122000,Gaming,Netherlands,13800,220500
191,27800000,2303069221,1,,People & Blogs,Singapore,0,0
588,16200000,20522339099,200000,117209000,Entertainment,Singapore,29300,468800
620,15700000,6153495609,800,939647,,Singapore,235,3800
192,27800000,21037851468,,127441000,Music,Australia,31900,509800
248,24700000,2994726412,,23263000,Howto & Style,Australia,5800,93100
374,20500000,8768697257,,26082000,Gaming,Australia,6500,104300
479,18000000,9601137077,600000,391298000,Sports,Australia,97800,1600000
509,17600000,3752347262,,,Gaming,Australia,0,0
523,17300000,3684816159,,15525000,Howto & Style,Australia,3900,62100
527,17200000,8903647480,,25,Education,Australia,0.01,0.1
707,14800000,5269059435,,21072000,Gaming,Australia,5300,84300
786,14100000,5129529846,1,147,Music,Australia,0.04,0.59
213,26400000,17211600007,2000000,1225000000,Entertainment,Italy,306400,4900000
901,13000000,2683297849,100000,29870000,Entertainment,Italy,7500,119500
295,23000000,31494513067,800000,756717000,Entertainment,Germany,189200,3000000
341,21400000,1573058816,5,,Comedy,Germany,0,0
364,20800000,2378448129,100000,29269000,Education,Germany,7300,117100
407,19800000,3234880084,,5650000,Science & Technology,Germany,1400,22600
560,16600000,15278668857,900000,617257000,Entertainment,Germany,154300,2500000
712,14800000,272678287,3580,37883,People & Blogs,Germany,9,152
316,22300000,8663830163,10,735,People & Blogs,France,0.18,3
474,18100000,9983065083,100000,48099000,Gaming,France,12000,192400
598,16100000,7126210721,4,780,Music,France,0.2,3
758,14400000,3086254545,,11417000,Comedy,France,2900,45700
904,13000000,1698279553,100000,30471000,Music,France,7600,121900
372,20600000,10292874715,,81236000,Music,Sweden,20300,324900
599,16100000,7155736006,3000000,478528000,,Sweden,119600,1900000
794,14000000,2214167846,,13709000,Howto & Style,Sweden,3400,54800
994,12300000,374123483,100000,3871000,Gaming,Sweden,968,15500
380,20400000,4707412332,,28990000,Entertainment,Ukraine,7200,116000
448,18800000,9594188708,100000,68006000,Entertainment,Ukraine,17000,272000
503,17700000,8396875537,230000,370779000,News & Politics,Ukraine,92700,1500000
708,14800000,7018015062,,47117000,Howto & Style,Ukraine,11800,188500
773,14200000,6973932553,10,105,Entertainment,Ukraine,0.03,0.42
844,13500000,8265920659,100000,75162000,Entertainment,Ukraine,18800,300600
869,13300000,7923901253,,379346000,Entertainment,Ukraine,0,0
921,12900000,5585085130,200000,71118000,Shows,Ukraine,17800,284500
389,20200000,20919403720,1200000,1245000000,Comedy,Latvia,311200,5000000
424,19400000,5529131886,100000,58863000,Sports,Switzerland,14700,235500
490,17900000,9867515979,100000,84467000,Entertainment,Vietnam,21100,337900
586,16200000,9763592867,200000,256733000,Music,Vietnam,64200,1000000
828,13700000,5457203710,,35124000,Comedy,Vietnam,8800,140500
504,17700000,9059696049,200000,117727000,Film & Animation,Malaysia,29400,470900
508,17600000,2977741577,100000,22354000,Howto & Style,China,5600,89400
518,17400000,11144195464,,113003000,Music,Iraq,28300,452000
924,12800000,5863456698,,35336000,Comedy,Iraq,8800,141300
638,15500000,4499826716,100000,32916000,Howto & Style,Egypt,8200,131700
670,15100000,5324913850,100000,46060000,People & Blogs,Egypt,11500,184200
664,15100000,2400037562,,86,Howto & Style,Andorra,0.02,0.34
726,14600000,2613197447,100000,16409000,Entertainment,Ecuador,4100,65600
897,13100000,2879263916,300000,62909000,People & Blogs,Ecuador,15700,251600
750,14500000,4315486422,,37577000,Music,Morocco,9400,150300
755,14400000,1629801448,,1002000,Entertainment,Peru,251,4000
809,13900000,12129583055,,1,News & Politics,Bangladesh,0,0
877,13200000,2036408398,,20369000,Gaming,Finland,5100,81500
900,13100000,6637820731,3,379,Music,Samoa,0.09,2
